fighter,gender
Aalon Cruz,MALE
Aaron Phillips,MALE
Aaron Riley,MALE
Aaron Rosa,MALE
Aaron Simpson,MALE
Abdul Razak Alhassan,MALE
Abel Trujillo,MALE
Abu Azaitar,MALE
Abubakar Nurmagomedov,MALE
Adam Milstead,MALE
Adam Wieczorek,MALE
Adlan Amagov,MALE
Adrian Yanez,MALE
Adriano Martins,MALE
Aiemann Zahabi,MALE
Aisling Daly,FEMALE
Akbarh Arreola,MALE
Akira Corassani,MALE
Al Iaquinta,MALE
Alan Baudot,MALE
Alan Belcher,MALE
Alan Jouban,MALE
Alan Patrick,MALE
Albert Morales,MALE
Albert Tumenov,MALE
Alberto Mina,MALE
Alejandro Perez,MALE
Aleksa Camur,MALE
Aleksandar Rakic,MALE
Aleksei Kunchenko,MALE
Aleksei Oleinik,MALE
Alen Amedovski,MALE
Alessandro Ricci,MALE
Alessio Di Chirico,MALE
Alessio Sakara,MALE
Alex Caceres,MALE
Alex Chambers,FEMALE
Alex Da Silva,MALE
Alex Garcia,MALE
Alex Morono,MALE
Alex Munoz,MALE
Alex Nicholson,MALE
Alex Oliveira,MALE
Alex Perez,MALE
Alex Soto,MALE
Alex White,MALE
Alexa Grasso,FEMALE
Alexander Gustafsson,MALE
Alexander Hernandez,MALE
Alexander Munoz,MALE
Alexander Volkanovski,MALE
Alexander Volkov,MALE
Alexander Yakovlev,MALE
Alexandr Romanov,MALE
Alexandra Albu,FEMALE
Alexandre Pantoja,MALE
Alexis Davis,FEMALE
Ali AlQaisi,MALE
Ali Bagautinov,MALE
Ali Qaisi,MALE
Alistair Overeem,MALE
Aljamain Sterling,MALE
Allen Crowder,MALE
Alonzo Menifield,MALE
Alptekin Ozkilic,MALE
Alvaro Herrera,MALE
Amanda Cooper,FEMALE
Amanda Lemos,FEMALE
Amanda Nunes,FEMALE
Amanda Ribas,FEMALE
Amilcar Alves,MALE
Amir Albazi,MALE
Amir Sadollah,MALE
Anderson Dos Santos,MALE
Anderson Silva,MALE
Andre Ewell,MALE
Andre Fili,MALE
Andre Muniz,MALE
Andre Petroski,MALE
Andre Soukhamthath,MALE
Andre Winner,MALE
Andrea Lee,FEMALE
Andreas Michailidis,MALE
Andreas Stahl,MALE
Andrei Arlovski,MALE
Andrew Craig,MALE
Andrew Holbrook,MALE
Andrew Sanchez,MALE
Andy Enz,MALE
Andy Ogle,MALE
Angela Hill,FEMALE
Angela Magana,FEMALE
Anna Elmose,FEMALE
Anthony Birchak,MALE
Anthony Hamilton,MALE
Anthony Hernandez,MALE
Anthony Ivy,MALE
Anthony Johnson,MALE
Anthony Lapsley,MALE
Anthony Njokuani,MALE
Anthony Perosh,MALE
Anthony Pettis,MALE
Anthony Rocco Martin,MALE
Anthony Smith,MALE
Anton Kuivanen,MALE
Anton Zafir,MALE
Antonina Shevchenko,FEMALE
Antonio Arroyo,MALE
Antonio Braga Neto,MALE
Antonio Carlos Junior,MALE
Antonio Carvalho,MALE
Antonio Dos Santos,MALE
Antonio Silva,MALE
Aori Qileng,MALE
Ariane Carnelossi,FEMALE
Ariane Lipski,FEMALE
Arjan Bhullar,MALE
Arman Tsarukyan,MALE
Arnold Allen,MALE
Artem Lobov,MALE
Ashkan Mokhtarian,MALE
Ashlee Evans-Smith,FEMALE
Ashley Yoder,FEMALE
Askar Askarov,MALE
Aspen Ladd,FEMALE
Augusto Mendes,MALE
Augusto Montano,MALE
Augusto Sakai,MALE
Austin Arnett,MALE
Austin Hubbard,MALE
Austin Lingo,MALE
Austin Springer,MALE
Azamat Gashimov,MALE
BJ Penn,MALE
Barb Honchak,FEMALE
Bart Palaszewski,MALE
Bartosz Fabinski,MALE
Bea Malecki,FEMALE
Bec Rawlings,FEMALE
Belal Muhammad,MALE
Ben Askren,MALE
Ben Nguyen,MALE
Ben Rothwell,MALE
Ben Saunders,MALE
Ben Sosoli,MALE
Ben Wall,MALE
Beneil Dariush,MALE
Benito Lopez,MALE
Benson Henderson,MALE
Bernardo Magalhaes,MALE
Besam Yousef,MALE
Bethe Correia,FEMALE
Bevon Lewis,MALE
Bill Algeo,MALE
Billy Quarantillo,MALE
Blagoy Ivanov,MALE
Bobby Green,MALE
Bobby Moffett,MALE
Bobby Nash,MALE
Bobby Voelker,MALE
Bojan Mihajlovic,MALE
Bojan Velickovic,MALE
Boston Salmon,MALE
Brad Blackburn,MALE
Brad Katona,MALE
Brad Pickett,MALE
Brad Riddell,MALE
Brad Tavares,MALE
Bradley Scott,MALE
Brady Hiestand,MALE
Brandon Davis,MALE
Brandon Jenkins,MALE
Brandon Moreno,MALE
Brandon Royval,MALE
Brandon Thatch,MALE
Brandon Vera,MALE
Brendan Allen,MALE
Brendan O'Reilly,MALE
Brendan Schaub,MALE
Brett Johns,MALE
Brian Bowles,MALE
Brian Camozzi,MALE
Brian Ebersole,MALE
Brian Foster,MALE
Brian Houston,MALE
Brian Kelleher,MALE
Brian Melancon,MALE
Brian Ortega,MALE
Brian Stann,MALE
Brianna Van Buren,FEMALE
Brock Jardine,MALE
Brock Lesnar,MALE
Brok Weaver,MALE
Bruno Santos,MALE
Bruno Silva,MALE
Bryan Barberena,MALE
Bryan Battle,MALE
Bryan Caraway,MALE
Bryce Mitchell,MALE
Bubba Bush,MALE
Bubba McDaniel,MALE
Buddy Roberts,MALE
Byron Bloodworth,MALE
CB Dollaway,MALE
CJ Keith,MALE
CM Punk,MALE
Cain Carrizosa,MALE
Cain Velasquez,MALE
Caio Magalhaes,MALE
Callan Potter,MALE
Caludia Gadelha,FEMALE
Caludio Puelles,MALE
Calvin Kattar,MALE
Cameron Else,MALE
Caol Uno,MALE
Carla Esparza,FEMALE
Carlo Pedersoli,MALE
Carlo Prater,MALE
Carlos Condit,MALE
Carlos Eduardo Rocha,MALE
Carlos Felipe,MALE
Carlos Huachin,MALE
Carlos Ulberg,MALE
Carlston Harris,MALE
Carlton Minus,MALE
Casey Kenney,MALE
Casey O'Neill,FEMALE
Cat Zingano,FEMALE
Cathal Pendred,MALE
Cesar Arzamendia,MALE
Cezar Ferreira,MALE
Chad Griggs,MALE
Chad Laprise,MALE
Chad Mendes,MALE
Chael Sonnen,MALE
Chan Sung Jung,MALE
Chance Rencountre,MALE
Charles Byrd,MALE
Charles Jourdain,MALE
Charles Oliveira,MALE
Charles Rosa,MALE
Charlie Brenneman,MALE
Charlie Ontiveros,MALE
Chas Skelly,MALE
Chase Gormley,MALE
Chase Hooper,MALE
Chase Sherman,MALE
Che Mills,MALE
Cheick Kongo,MALE
Cheyanne Buys,FEMALE
Chico Camus,MALE
Chris Avila,MALE
Chris Barnett,MALE
Chris Beal,MALE
Chris Camozzi,MALE
Chris Cariaso,MALE
Chris Clements,MALE
Chris Cope,MALE
Chris Daukaus,MALE
Chris Dempsey,MALE
Chris Fishgold,MALE
Chris Gruetzemacher,MALE
Chris Gutierrez,MALE
Chris Holdsworth,MALE
Chris Indich,MALE
Chris Kelades,MALE
Chris Leben,MALE
Chris Lytle,MALE
Chris Tuchscherer,MALE
Chris Wade,MALE
Chris Weidman,MALE
Chris de la Rocha,MALE
Christian Aguilera,MALE
Christian Colombo,MALE
Christian Morecraft,MALE
Christos Giagos,MALE
Chuck Liddell,MALE
Ciryl Gane,MALE
Claude Patrick,MALE
Claudia Gadelha,FEMALE
Claudio Puelles,MALE
Claudio Silva,MALE
Clay Collard,MALE
Clay Guida,MALE
Clay Harvison,MALE
Clifford Starks,MALE
Clint Hester,MALE
Cody Brundage,MALE
Cody Donovan,MALE
Cody Durden,MALE
Cody East,MALE
Cody Garbrandt,MALE
Cody Gibson,MALE
Cody McKenzie,MALE
Cody Pfister,MALE
Cody Stamann,MALE
Colby Covington,MALE
Cole Escovedo,MALE
Cole Miller,MALE
Cole Smith,MALE
Cole Williams,MALE
Colin Fletcher,MALE
Collin Anglin,MALE
Colton Smith,MALE
Conor McGregor,MALE
Corey Anderson,MALE
Cortney Casey,FEMALE
Cory McKenna,FEMALE
Cory Sandhagen,MALE
Costas Philippou,MALE
Court McGee,MALE
Craig White,MALE
Cris Cyborg,FEMALE
Cristiano Marcello,MALE
Cristina Stanciu,FEMALE
Cub Swanson,MALE
Cung Le,MALE
Curt Warburton,MALE
Curtis Blaydes,MALE
Curtis Millender,MALE
Cynthia Calvillo,FEMALE
Cyril Asker,MALE
Cyrille Diabate,MALE
Da Un Jung,MALE
Da-Un Jung,MALE
DaMarques Johnson,MALE
Daichi Abe,MALE
Dakota Bush,MALE
Dalcha Lungiambula,MALE
Damacio Page,MALE
Damian Grabowski,MALE
Damian Stasiak,MALE
Damien Brown,MALE
Damir Hadzovic,MALE
Damir Ismagulov,MALE
Damon Jackson,MALE
Dan Hardy,MALE
Dan Henderson,MALE
Dan Hooker,MALE
Dan Ige,MALE
Dan Lauzon,MALE
Dan Miller,MALE
Dan Moret,MALE
Danaa Batgerel,MALE
Daniel Cormier,MALE
Daniel Jolly,MALE
Daniel Kelly,MALE
Daniel Omielanczuk,MALE
Daniel Pineda,MALE
Daniel Roberts,MALE
Daniel Rodriguez,MALE
Daniel Sarafian,MALE
Daniel Spitz,MALE
Daniel Teymur,MALE
Danielle Taylor,FEMALE
Danilo Belluardo,MALE
Danilo Marques,MALE
Danny Castillo,MALE
Danny Chavez,MALE
Danny Downes,MALE
Danny Henry,MALE
Danny Martinez,MALE
Danny Mitchell,MALE
Danny Roberts,MALE
Darko Stosic,MALE
Daron Cruickshank,MALE
Darrell Horcher,MALE
Darrell Montague,MALE
Darren Elkins,MALE
Darren Stewart,MALE
Darren Till,MALE
Darren Uyenoyama,MALE
Darrick Minner,MALE
Dashon Johnson,MALE
Dave Herman,MALE
Davey Grant,MALE
Davi Ramos,MALE
David Branch,MALE
David Dvorak,MALE
David Loiseau,MALE
David Michaud,MALE
David Mitchell,MALE
David Teymur,MALE
David Zawada,MALE
Deiveson Figueiredo,MALE
Demetrious Johnson,MALE
Demian Maia,MALE
Dennis Bermudez,MALE
Dennis Hallman,MALE
Dennis Siver,MALE
Dequan Townsend,MALE
Derek Brunson,MALE
Deron Winn,MALE
Derrick,MALE
Derrick Lewis,MALE
Desmond Green,MALE
Devin Clark,MALE
Devin Powell,MALE
Devonte Smith,MALE
Dhiego Lima,MALE
Diana Belbita,FEMALE
Diego Brandao,MALE
Diego Ferreira,MALE
Diego Nunes,MALE
Diego Rivas,MALE
Diego Sanchez,MALE
Dileno Lopes,MALE
Dmitrii Smoliakov,MALE
Domingo Pilarte,MALE
Dominic Waters,MALE
Dominick Cruz,MALE
Dominick Reyes,MALE
Dominique Steele,MALE
Don Madge,MALE
Don'Tale Mayes,MALE
Don'tale Mayes,MALE
Donald Cerrone,MALE
Dong Hyun Kim,MALE
Dong Hyun Ma,MALE
Dongi Yang,MALE
Donny Walker,MALE
Dooho Choi,MALE
Douglas Silva de Andrade,MALE
Drakkar Klose,MALE
Drako Rodriguez,MALE
Drew Dober,MALE
Dricus Du Plessis,MALE
Duane Ludwig,MALE
Dusko Todorovic,MALE
Dustin Hazelett,MALE
Dustin Jacoby,MALE
Dustin Kimura,MALE
Dustin Ortiz,MALE
Dustin Pague,MALE
Dustin Poirier,MALE
Dustin Stoltzfus,MALE
Dwight Grant,MALE
Dylan Andrews,MALE
Ed Herman,MALE
Eddie Alvarez,MALE
Eddie Gordon,MALE
Eddie Wineland,MALE
Eddie Yagin,MALE
Edgar Garcia,MALE
Edmen Shahbazyan,MALE
Edson Barboza,MALE
Eduardo Garagorri,MALE
Edward Faaloloto,MALE
Edwin Figueroa,MALE
Efrain Escudero,MALE
Eiji Mitsuoka,MALE
Elias Silverio,MALE
Elias Theodorou,MALE
Eliot Marshall,MALE
Elise Reed,FEMALE
Elizabeth Phillips,FEMALE
Elizeu Dos Santos,MALE
Elizeu Zaleski dos Santos,MALE
Elvis Mutapcic,MALE
Emil Meek,MALE
Emily Peters Kagan,FEMALE
Emily Whitmire,FEMALE
Enrique Barzola,MALE
Enrique Marin,MALE
Eric Schafer,MALE
Eric Shelton,MALE
Eric Spicely,MALE
Eric Wisely,MALE
Erick Montano,MALE
Erick Silva,MALE
Ericka Almeida,FEMALE
Erik Koch,MALE
Erik Perez,MALE
Erin Blanchfield,FEMALE
Ernest Chavez,MALE
Eryk Anders,MALE
Estevan Payan,MALE
Evan Dunham,MALE
Fabio Cherant,MALE
Fabio Maldonado,MALE
Fabricio Camoes,MALE
Fabricio Werdum,MALE
Fares Ziam,MALE
Felice Herrig,FEMALE
Felicia Spencer,FEMALE
Felipe Arantes,MALE
Felipe Colares,MALE
Felipe Silva,MALE
Fernando Bruno,MALE
Forrest Griffin,MALE
Forrest Petz,MALE
Francimar Barroso,MALE
Francis Carmont,MALE
Francis Ngannou,MALE
Francisco Figueiredo,MALE
Francisco Rivera,MALE
Francisco Trevino,MALE
Francisco Trinaldo,MALE
Frank Camacho,MALE
Frank Mir,MALE
Frankie Edgar,MALE
Frankie Perez,MALE
Frankie Saenz,MALE
Fredy Serrano,MALE
Gabe Green,MALE
Gabe Ruediger,MALE
Gabriel Benitez,MALE
Gabriel Gonzaga,MALE
Gabriel Silva,MALE
Gadzhimurad Antigulov,MALE
Gaetano Pirrello,MALE
Galore Bofando,MALE
Garett Whiteley,MALE
Garreth McLellan,MALE
Gasan Umalatov,MALE
Gavin Tucker,MALE
Geane Herrera,MALE
Gegard Mousasi,MALE
Geoff Neal,MALE
George Roop,MALE
George Sotiropoulos,MALE
George Sullivan,MALE
Georges St-Pierre,MALE
Gerald Meerschaert,MALE
Geraldo de Freitas,MALE
Germaine De Randamie,FEMALE
Germaine de Randamie,FEMALE
Gian Villante,MALE
Giga Chikadze,MALE
Gilbert Burns,MALE
Gilbert Melendez,MALE
Gilbert Urbina,MALE
Gilbert Yvel,MALE
Gillian Robertson,FEMALE
Gina Mazany,FEMALE
Glaico Franca,MALE
Gleison Tibau,MALE
Gloria de Paula,FEMALE
Glover Teixeira,MALE
Godofredo Pepey,MALE
Gokhan Saki,MALE
Goran Reljic,MALE
Grant Dawson,MALE
Gray Maynard,MALE
Greg Hardy,MALE
Greg Soto,MALE
Gregor Gillespie,MALE
Gregory Rodrigues,MALE
Guido Cannetti,MALE
Gunnar Nelson,MALE
Guram Kutateladze,MALE
Gustavo Lopez,MALE
Guto Inocente,MALE
Hacran Dias,MALE
Hakeem Dawodu,MALE
Hannah Cifers,FEMALE
Hannah Goldy,FEMALE
Hans Stringer,MALE
Harry Hunsucker,MALE
Hatsu Hioki,MALE
Hayder Hassan,MALE
Heather Jo Clark,FEMALE
Hector Aldana,MALE
Hector Lombard,MALE
Hector Sandoval,MALE
Hector Urbina,MALE
Heili Alateng,MALE
Henrique da Silva,MALE
Henry Briones,MALE
Henry Cejudo,MALE
Henry Martinez,MALE
Herbert Burns,MALE
Hernani Perpetuo,MALE
Holly Holm,FEMALE
Horacio Gutierrez,MALE
Hu Yaozong,MALE
Hugo Viana,MALE
Humberto Bandenay,MALE
Hunter Azure,MALE
Hyun Gyu Lim,MALE
Ian Entwistle,MALE
Ian Heinisch,MALE
Ian Loveland,MALE
Ian McCall,MALE
Ignacio Bahamondes,MALE
Igor Araujo,MALE
Igor Pokrajac,MALE
Ike Villanueva,MALE
Ildemar Alcantara,MALE
Ilia Topuria,MALE
Iliarde Santos,MALE
Ilir Latifi,MALE
Impa Kasanganay,MALE
Ion Cutelaba,MALE
Irene Aldana,FEMALE
Irwin Rivera,MALE
Isaac Vallie-Flagg,MALE
Islam Makhachev,MALE
Ismail Naurdiev,MALE
Israel Adesanya,MALE
Issei Tamura,MALE
Iuri Alcantara,MALE
Ivan Jorge,MALE
Ivan Menjivar,MALE
JC Cottrell,MALE
JJ Aldrich,FEMALE
JP Buys,MALE
Jacare Souza,MALE
Jack Hermansson,MALE
Jack Marshman,MALE
Jack May,MALE
Jack Shore,MALE
Jacob Kilburn,MALE
Jacob Malkoun,MALE
Jacob Volkmann,MALE
Jai Herbert,MALE
Jairzinho Rozenstruik,MALE
Jake Collier,MALE
Jake Ellenberger,MALE
Jake Hecht,MALE
Jake Lindsey,MALE
Jake Matthews,MALE
Jake Shields,MALE
Jalin Turner,MALE
Jamahal Hill,MALE
Jamall Emmers,MALE
James Bochnovic,MALE
James Head,MALE
James Irvin,MALE
James Krause,MALE
James Moontasri,MALE
James Te Huna,MALE
James Vick,MALE
James Wilks,MALE
Jamey Simmons,MALE
Jamie Moyle,FEMALE
Jamie Mullarkey,MALE
Jamie Pickett,MALE
Jamie Varner,MALE
Jan Blachowicz,MALE
Jared Cannonier,MALE
Jared Gooden,MALE
Jared Gordon,MALE
Jared Hamman,MALE
Jared Papazian,MALE
Jared Rosholt,MALE
Jared Vanderaa,MALE
Jarjis Danho,MALE
Jarred Brooks,MALE
Jason Brilz,MALE
Jason Gonzalez,MALE
Jason High,MALE
Jason Knight,MALE
Jason MacDonald,MALE
Jason Miller,MALE
Jason Novelli,MALE
Jason Reinhardt,MALE
Jason Saggo,MALE
Jason Witt,MALE
Jason Young,MALE
Jay Hieron,MALE
Jeff Curran,MALE
Jeff Hougland,MALE
Jeff Hughes,MALE
Jeff Molina,MALE
Jenel Lausa,MALE
Jennifer Maia,FEMALE
Jeremiah Wells,MALE
Jeremy Kennedy,MALE
Jeremy Kimball,MALE
Jeremy Larsen,MALE
Jeremy Stephens,MALE
Jerome Rivera,MALE
Jerrod Sanders,MALE
Jessamyn Duke,FEMALE
Jesse Bongfeldt,MALE
Jesse Forbes,MALE
Jesse Lennox,MALE
Jesse Ronson,MALE
Jesse Strader,MALE
Jesse Taylor,MALE
Jessica Aguilar,FEMALE
Jessica Andrade,FEMALE
Jessica Eye,FEMALE
Jessica Penne,FEMALE
Jessica Rakoczy,FEMALE
Jessica-Rose Clark,FEMALE
Jessin Ayari,MALE
Jesus Pinedo,MALE
Ji Yeon Kim,FEMALE
Jim Alers,MALE
Jim Crute,MALE
Jim Miller,MALE
Jimi Manuwa,MALE
Jimmie Rivera,MALE
Jimmy Crute,MALE
Jimmy Flick,MALE
Jimmy Wallhead,MALE
Jimy Hettes,MALE
Jin Soo Son,MALE
Jinh Yu Frey,FEMALE
Jiri Prochazka,MALE
Joachim Christensen,MALE
Joanna Jedrzejczyk,FEMALE
Joanne Calderwood,FEMALE
Joaquim Silva,MALE
Joaquin Buckley,MALE
Joby Sanchez,MALE
Jocelyn Jones-Lybarger,FEMALE
Jodie Esquibel,FEMALE
Joe Brammer,MALE
Joe Doerksen,MALE
Joe Duffy,MALE
Joe Lauzon,MALE
Joe Proctor,MALE
Joe Riggs,MALE
Joe Solecki,MALE
Joe Soto,MALE
Joe Stevenson,MALE
Joel Alvarez,MALE
Joey Beltran,MALE
Joey Gambino,MALE
Joey Gomez,MALE
John Albert,MALE
John Alessio,MALE
John Allan,MALE
John Castaneda,MALE
John Cholish,MALE
John Dodson,MALE
John Gunderson,MALE
John Gunther,MALE
John Hathaway,MALE
John Howard,MALE
John Lineker,MALE
John Maguire,MALE
John Makdessi,MALE
John Moraga,MALE
John Phillips,MALE
John Salter,MALE
Johnny Bedford,MALE
Johnny Case,MALE
Johnny Eduardo,MALE
Johnny Munoz,MALE
Johnny Walker,MALE
Johny Hendricks,MALE
Jon Delos Reyes,MALE
Jon Fitch,MALE
Jon Jones,MALE
Jon Madsen,MALE
Jon Olav Einemo,MALE
Jon Tuck,MALE
Jonathan Brookins,MALE
Jonathan Goulet,MALE
Jonathan Martinez,MALE
Jonathan Meunier,MALE
Jonathan Pearce,MALE
Jonathan Wilson,MALE
Jonavin Webb,MALE
Jordan Espinosa,MALE
Jordan Griffin,MALE
Jordan Johnson,MALE
Jordan Leavitt,MALE
Jordan Mein,MALE
Jordan Rinaldi,MALE
Jordan Williams,MALE
Jordan Wright,MALE
Jorge Lopez,MALE
Jorge Masvidal,MALE
Jorge Rivera,MALE
Jorge Santiago,MALE
Jorge de Oliveira,MALE
Jose Aldo,MALE
Jose Quinonez,MALE
Jose Torres,MALE
Joselyne Edwards,FEMALE
Joseph Benavidez,MALE
Joseph Morales,MALE
Josh Barnett,MALE
Josh Clopton,MALE
Josh Copeland,MALE
Josh Culibao,MALE
Josh Emmett,MALE
Josh Ferguson,MALE
Josh Grispi,MALE
Josh Koscheck,MALE
Josh Neer,MALE
Josh Parisian,MALE
Josh Samman,MALE
Josh Shockley,MALE
Josh Stansbury,MALE
Josh Thomson,MALE
Joshua Burkman,MALE
Joshua Culibao,MALE
Joshua Sampo,MALE
Josiane Nunes,FEMALE
Journey Newson,MALE
Juan Adams,MALE
Juan Espino,MALE
Julia Avila,FEMALE
Julian Erosa,MALE
Julian Marquez,MALE
Juliana Lima,FEMALE
Julianna Pena,FEMALE
Julija Stoliarenko,FEMALE
Julio Arce,MALE
Julio Paulino,MALE
Jumabieke Tuerxun,MALE
Junior Albini,MALE
Junior Assuncao,MALE
Junior Dos Santos,MALE
Junior Hernandez,MALE
Junyong Park,MALE
Jussier Formiga,MALE
Justin Edwards,MALE
Justin Gaethje,MALE
Justin Jaynes,MALE
Justin Jones,MALE
Justin Lawrence,MALE
Justin Ledet,MALE
Justin Salas,MALE
Justin Scoggins,MALE
Justin Tafa,MALE
Justin Willis,MALE
Justine Kish,FEMALE
KB Bhullar,MALE
KJ Noons,MALE
Kai Kamaka,MALE
Kai Kara France,MALE
Kai Kara-France,MALE
Kailin Curran,FEMALE
Kajan Johnson,MALE
Kalindra Faria,FEMALE
Kalinn Williams,MALE
Kamal Shalorus,MALE
Kamaru Usman,MALE
Kamuela Kirk,MALE
Kanako Murata,FEMALE
Karl Roberson,MALE
Karlos Vemola,MALE
Karo Parisyan,MALE
Karol Rosa,FEMALE
Karolina Kowalkiewicz,FEMALE
Katlyn Chookagian,FEMALE
Katsunori Kikuno,MALE
Kay Hansen,FEMALE
Kazuki Tokudome,MALE
Kazula Vargas,MALE
Keita Nakamura,MALE
Keith Jardine,MALE
Keith Wisniewski,MALE
Kelvin Gastelum,MALE
Ken Stone,MALE
Kendall Grove,MALE
Kennedy Nzechukwu,MALE
Kenny Florian,MALE
Kenny Robertson,MALE
Ketlen Vieira,FEMALE
Kevin Aguilar,MALE
Kevin Casey,MALE
Kevin Croom,MALE
Kevin Ferguson,MALE
Kevin Holland,MALE
Kevin Lee,MALE
Kevin Natividad,MALE
Kevin Souza,MALE
Khabib Nurmagomedov,MALE
Khadis Ibragimov,MALE
Khalid Taha,MALE
Khalil Rountree Jr.,MALE
Khama Worthy,MALE
Khamzat Chimaev,MALE
Khaos Williams,MALE
Kiichi Kunimoto,MALE
Klidson Abreu,MALE
Konstantin Erokhin,MALE
Kris McCray,MALE
Kris Moutinho,MALE
Kron Gracie,MALE
Krzystof Jotko,MALE
Krzysztof Jotko,MALE
Krzysztof Soszynski,MALE
Kurt Holobaugh,MALE
Kurt Pellegrino,MALE
Kwan Ho Kwak,MALE
Kyle Bochniak,MALE
Kyle Daukaus,MALE
Kyle Kingsbury,MALE
Kyle Nelson,MALE
Kyle Noke,MALE
Kyle Prepolec,MALE
Kyle Stewart,MALE
Kyle Watson,MALE
Kyler Phillips,MALE
Kyoji Horiguchi,MALE
Kyung Ho Kang,MALE
Lance Benoist,MALE
Lando Vannata,MALE
Lara Procopio,FEMALE
Larissa Pacheco,FEMALE
Laureano Staropoli,MALE
Lauren Mueller,FEMALE
Lauren Murphy,FEMALE
Lavar Johnson,MALE
Leandro Issa,MALE
Leandro Silva,MALE
Leo Kuntz,MALE
Leon Edwards,MALE
Leonard Garcia,MALE
Leonardo Augusto Leleco,MALE
Leonardo Mafra,MALE
Leonardo Morales,MALE
Leonardo Santos,MALE
Lerone Murphy,MALE
Leslie Smith,FEMALE
Levan Makashvili,MALE
Li Jingliang,MALE
Liana Jojua,FEMALE
Liliya Shakirova,FEMALE
Lina Lansberg,FEMALE
Lisa Ellis,FEMALE
Liu Pingyuan,MALE
Liudvik Sholinian,MALE
Livinha Souza,FEMALE
Liz Carmouche,FEMALE
Loma Lookboonmee,FEMALE
Loopy Godinez,FEMALE
Lorenz Larkin,MALE
Louis Cosce,MALE
Louis Gaudinot,MALE
Louis Smolka,MALE
Luan Chagas,MALE
Luana Carolina,FEMALE
Luana Pinheiro,FEMALE
Lucas Martins,MALE
Lucie Pudilova,FEMALE
Lucio Linhares,MALE
Ludovit Klein,MALE
Luigi Vendramini,MALE
Luis Henrique,MALE
Luis Pena,MALE
Luis Ramos,MALE
Luis Saldana,MALE
Luiz Cane,MALE
Luiz Garagorri,MALE
Lukasz Sajewski,MALE
Luke Barnatt,MALE
Luke Jumeau,MALE
Luke Rockhold,MALE
Luke Sanders,MALE
Lyman Good,MALE
Lyoto Machida,MALE
Mac Danzig,MALE
Mackens Semerzier,MALE
Mackenzie Dern,FEMALE
Macy Chiasson,FEMALE
Mads Burnell,MALE
Magnus Cedenblad,MALE
Magomed Ankalaev,MALE
Magomed Bibulatov,MALE
Magomed Mustafaev,MALE
Mairbek Taisumov,MALE
Makhmud Muradov,MALE
Maki Pitolo,MALE
Makwan Amirkhani,MALE
Malcolm Gordon,MALE
Mallory Martin,FEMALE
Mana Martinez,MALE
Mandy Bohm,FEMALE
Manel Kape,MALE
Manny Bermudez,MALE
Manon Fiorot,FEMALE
Manvel Gamburyan,MALE
Mara Romero Borella,FEMALE
Marc Diakiese,MALE
Marc-Andre Barriault,MALE
Marcel Fortuna,MALE
Marcelo Golm,MALE
Marcelo Guimaraes,MALE
Marcelo Rojo,MALE
Marcin Held,MALE
Marcin Prachnio,MALE
Marcin Tybura,MALE
Marcio Alexandre Junior,MALE
Marco Beltran,MALE
Marco Polo Reyes,MALE
Marcos Mariano,MALE
Marcos Rogerio De Lima,MALE
Marcos Rogerio de Lima,MALE
Marcos Vinicius,MALE
Marcus Brimage,MALE
Marcus Davis,MALE
Marcus LeVesseur,MALE
Marina Rodriguez,FEMALE
Mario Bautista,MALE
Mario Miranda,MALE
Marion Reneau,FEMALE
Mariya Agapova,FEMALE
Mark Bocek,MALE
Mark De La Rosa,MALE
Mark Eddiva,MALE
Mark Godbeer,MALE
Mark Hominick,MALE
Mark Hunt,MALE
Mark Madsen,MALE
Mark Munoz,MALE
Mark Striegl,MALE
Markus Perez,MALE
Marlon Moraes,MALE
Marlon Vera,MALE
Martin Bravo,MALE
Martin Day,MALE
Martin Kampmann,MALE
Martin Sano,MALE
Marvin Vettori,MALE
Maryna Moroz,FEMALE
Masanori Kanehara,MALE
Masio Fullen,MALE
Mason Jones,MALE
Mateusz Gamrot,MALE
Matheus Nicolau,MALE
Mats Nilsson,MALE
Matt Bessette,MALE
Matt Brown,MALE
Matt Dwyer,MALE
Matt Frevola,MALE
Matt Grice,MALE
Matt Hamill,MALE
Matt Hobar,MALE
Matt Hughes,MALE
Matt Mitrione,MALE
Matt Sayles,MALE
Matt Schnell,MALE
Matt Serra,MALE
Matt Van Buren,MALE
Matt Veach,MALE
Matt Wiman,MALE
Matthew Lopez,MALE
Matthew Riddle,MALE
Matthew Semelsberger,MALE
Maurice Greene,MALE
Mauricio Rua,MALE
Max Griffin,MALE
Max Holloway,MALE
Max Rohskopf,MALE
Maxim Grishin,MALE
Maximo Blanco,MALE
Maycee Barber,FEMALE
Mayra Bueno Silva,FEMALE
Megan Anderson,FEMALE
Mehdi Baghdad,MALE
Melinda Fabian,FEMALE
Melissa Gatto,FEMALE
Melsik Baghdasaryan,MALE
Melvin Guillard,MALE
Merab Dvalishvili,MALE
Michael Bisping,MALE
Michael Chandler,MALE
Michael Chiesa,MALE
Michael Graves,MALE
Michael Johnson,MALE
Michael Kuiper,MALE
Michael McBride,MALE
Michael McDonald,MALE
Michael Trizano,MALE
Michal Oleksiejczuk,MALE
Micheal Gillmore,MALE
Michel Pereira,MALE
Michel Prazeres,MALE
Michel Quinones,MALE
Michelle Waterson,FEMALE
Michihiro Omigawa,MALE
Michinori Tanaka,MALE
Mickael Lebout,MALE
Mickey Gall,MALE
Miesha Tate,FEMALE
Miguel Baeza,MALE
Miguel Torres,MALE
Mike Breeden,MALE
Mike Brown,MALE
Mike Davis,MALE
Mike Easton,MALE
Mike Grundy,MALE
Mike Guymon,MALE
Mike Jackson,MALE
Mike Massenzio,MALE
Mike Perry,MALE
Mike Pierce,MALE
Mike Pyle,MALE
Mike Rhodes,MALE
Mike Ricci,MALE
Mike Rio,MALE
Mike Rodriguez,MALE
Mike Russow,MALE
Mike Santiago,MALE
Mike Stumpf,MALE
Mike Swick,MALE
Mike Wilkinson,MALE
Mike de la Torre,MALE
Milana Dudieva,FEMALE
Miles Johns,MALE
Milton Vieira,MALE
Minotauro Nogueira,MALE
Miranda Granger,FEMALE
Miranda Maverick,FEMALE
Mirko Cro Cop,MALE
Mirsad Bektic,MALE
Misha Cirkunov,MALE
Mitch Clarke,MALE
Mitch Gagnon,MALE
Mizuki Inoue,FEMALE
Mizuto Hirota,MALE
Modestas Bukauskas,MALE
Molly McCann,FEMALE
Montana De La Rosa,FEMALE
Montel Jackson,MALE
Montserrat Conejo,FEMALE
Mostapha Al-Turk,MALE
Motonobu Tezuka,MALE
Mounir Lazzez,MALE
Movsar Evloev,MALE
Muslim Salikhov,MALE
Myles Jury,MALE
Na Liang,FEMALE
Nad Narimani,MALE
Nadia Kassem,FEMALE
Nah-Shon Burrell,MALE
Nam Phan,MALE
Naoki Inoue,MALE
Naoyuki Kotani,MALE
Nasrat Haqparast,MALE
Nassourdine Imavov,MALE
Nate Diaz,MALE
Nate Landwehr,MALE
Nate Maness,MALE
Nate Marquardt,MALE
Nate Quarry,MALE
Nathan Coy,MALE
Nathaniel Wood,MALE
Neil Magny,MALE
Neil Seery,MALE
Nicco Montano,FEMALE
Nick Catone,MALE
Nick Denis,MALE
Nick Diaz,MALE
Nick Hein,MALE
Nick Maximov,MALE
Nick Osipczak,MALE
Nick Pace,MALE
Nick Ring,MALE
Nico Musoke,MALE
Nicolae Negumereanu,MALE
Nicolas Dalby,MALE
Nik Lentz,MALE
Nikita Krylov,MALE
Niklas Backstrom,MALE
Niklas Stolze,MALE
Niko Price,MALE
Nina Ansaroff,FEMALE
Nina Nunes,FEMALE
Ning Guangyou,MALE
Noad Lahat,MALE
Nohelin Hernandez,MALE
Nolan Ticman,MALE
Nordine Taleb,MALE
Norifumi Yamamoto,MALE
Norma Dumont,FEMALE
Norman Parke,MALE
Ode Osbourne,MALE
Oli Thompson,MALE
Oliver Enkamp,MALE
Olivier Aubin-Mercier,MALE
Oluwale Bamgbose,MALE
Omar Morales,MALE
Omari Akhmedov,MALE
Orion Cosce,MALE
Oskar Piechota,MALE
Ottman Azaitar,MALE
Ovince Saint Preux,MALE
Pablo Garza,MALE
Paddy Holohan,MALE
Paddy Pimblett,MALE
Paige VanZant,FEMALE
Pannie Kianzad,FEMALE
Papy Abedi,MALE
Parker Porter,MALE
Pascal Krauss,MALE
Pat Barry,MALE
Pat Healy,MALE
Pat Sabatini,MALE
Pat Schilling,MALE
Patrick Cote,MALE
Patrick Cummins,MALE
Patrick Walsh,MALE
Patrick Williams,MALE
Paul Bradley,MALE
Paul Buentello,MALE
Paul Craig,MALE
Paul Daley,MALE
Paul Felder,MALE
Paul Kelly,MALE
Paul Redmond,MALE
Paul Sass,MALE
Paul Taylor,MALE
Paulo Costa,MALE
Paulo Thiago,MALE
Pawel Pawlak,MALE
Pedro Munhoz,MALE
Peter Barrett,MALE
Peter Sobotta,MALE
Petr Yan,MALE
Phil Baroni,MALE
Phil Davis,MALE
Phil Harris,MALE
Phil Hawes,MALE
Phil Rowe,MALE
Philip De Fries,MALE
Philip Rowe,MALE
Philipe Lins,MALE
Phillip Hawes,MALE
Phillipe Nover,MALE
Piotr Hallmann,MALE
Poliana Botelho,FEMALE
Polo Reyes,MALE
Polyana Viana,FEMALE
Preston Parsons,MALE
Priscila Cachoeira,FEMALE
Punahele Soriano,MALE
Rachael Ostovich,FEMALE
Rafa Garcia,MALE
Rafael Alves,MALE
Rafael Dos Anjos,MALE
Rafael Feijao,MALE
Rafael Fiziev,MALE
Rafael Natal,MALE
Rafaello Oliveira,MALE
Ramazan Emeev,MALE
Ramiz Brahimaj,MALE
Rampage Jackson,MALE
Ramsey Nijem,MALE
Randa Markos,FEMALE
Randy Brown,MALE
Randy Costa,MALE
Randy Couture,MALE
Rani Yahya,MALE
Raoni Barcelos,MALE
Raphael Assuncao,MALE
Raphael Pessoa,MALE
Raphael Pessoa Nunes,MALE
Raquel Pennington,FEMALE
Rashad Coulter,MALE
Rashad Evans,MALE
Rashid Magomedov,MALE
Raulian Paiva,MALE
Ray Borg,MALE
Ray Rodriguez,MALE
Reginaldo Vieira,MALE
Renan Barao,MALE
Renato Moicano,MALE
Renee Forte,MALE
Reuben Duran,MALE
Reza Madadi,MALE
Rhys McKee,MALE
Ricardo Abreu,MALE
Ricardo Almeida,MALE
Ricardo Funch,MALE
Ricardo Lamas,MALE
Ricardo Ramos,MALE
Ricardo Romero,MALE
Rich Attonito,MALE
Rich Franklin,MALE
Richard Walsh,MALE
Richardson Moreira,MALE
Richie Vaculik,MALE
Rick Glenn,MALE
Rick Story,MALE
Ricky Glenn,MALE
Ricky Rainey,MALE
Ricky Simon,MALE
Ricky Turcios,MALE
Riki Fukuda,MALE
Rin Nakai,FEMALE
Roan Carneiro,MALE
Rob Broughton,MALE
Rob Emerson,MALE
Rob Font,MALE
Rob Kimmons,MALE
Rob Whiteford,MALE
Robbie Lawler,MALE
Robert Peralta,MALE
Robert Whittaker,MALE
Roberto Sanchez,MALE
Rocco Martin,MALE
Rodney Wallace,MALE
Rodolfo Vieira,MALE
Rodrigo Damm,MALE
Rodrigo Nascimento,MALE
Rodrigo de Lima,MALE
Roger Bowling,MALE
Roger Hollett,MALE
Roger Narvaez,MALE
Rogerio Bontorin,MALE
Rogerio Nogueira,MALE
Roland Delorme,MALE
Rolando Dy,MALE
Roldan Sangcha-an,MALE
Roman Bogatov,MALE
Roman Dolidze,MALE
Roman Salazar,MALE
Ron Stallings,MALE
Ronda Rousey,FEMALE
Rong Zhu,MALE
Ronnie Lawrence,MALE
Ronny Markes,MALE
Rony Jason,MALE
Ronys Torres,MALE
Roosevelt Roberts,MALE
Roque Martinez,MALE
Rory MacDonald,MALE
Rory Markham,MALE
Rose Namajunas,FEMALE
Rosi Sexton,FEMALE
Ross Pearson,MALE
Rostem Akman,MALE
Rousimar Palhares,MALE
Roxanne Modafferi,FEMALE
Roy Nelson,MALE
Royston Wee,MALE
Ruan Potts,MALE
Ruslan Magomedov,MALE
Russell Doane,MALE
Rustam Khabilov,MALE
Ryan Bader,MALE
Ryan Benoit,MALE
Ryan Couture,MALE
Ryan Hall,MALE
Ryan Janes,MALE
Ryan Jensen,MALE
Ryan Jimmo,MALE
Ryan LaFlare,MALE
Ryan MacDonald,MALE
Ryan Spann,MALE
Sabah Homasi,MALE
Sabina Mazo,FEMALE
Sage Northcutt,MALE
Sai Wang,MALE
Said Nurmagomedov,MALE
Saidyokub Kakhramonov,MALE
Salim Touahri,MALE
Sam Alvey,MALE
Sam Hughes,FEMALE
Sam Sicilia,MALE
Sam Stout,MALE
Santiago Ponzinibbio,MALE
Saparbeg Safarov,MALE
Sara McMann,FEMALE
Sarah Alpar,FEMALE
Sarah Frota,FEMALE
Sarah Kaufman,FEMALE
Sarah Moras,FEMALE
Sasha Palatnikov,MALE
Scott Askham,MALE
Scott Holtzman,MALE
Scott Jorgensen,MALE
Sean Brady,MALE
Sean McCorkle,MALE
Sean O'Connell,MALE
Sean O'Malley,MALE
Sean Pierson,MALE
Sean Sherk,MALE
Sean Soriano,MALE
Sean Spencer,MALE
Sean Strickland,MALE
Sean Woodson,MALE
Seohee Ham,FEMALE
Sergei Pavlovich,MALE
Sergey Morozov,MALE
Serghei Spivac,MALE
Sergio Moraes,MALE
Sergio Pettis,MALE
Seth Baczynski,MALE
Seth Petruzelli,MALE
SeungWoo Choi,MALE
Seungwoo Choi,MALE
Shamar Bailey,MALE
Shamil Abdurakhimov,MALE
Shana Dobson,FEMALE
Shane Burgos,MALE
Shane Campbell,MALE
Shane Carwin,MALE
Shane Howell,MALE
Shane Roller,MALE
Shane Young,MALE
Shane del Rosario,MALE
Shanna Young,FEMALE
Shannon Gugerty,MALE
Shavkat Rakhmonov,MALE
Shawn Jordan,MALE
Shayilan Nuerdanbieke,MALE
Shayna Baszler,FEMALE
Sheldon Westcott,MALE
Sheymon Moraes,MALE
Shinsho Anzai,MALE
Sijara Eubanks,FEMALE
Simeon Thoresen,MALE
Sirwan Kakai,MALE
Siyar Bahadurzada,MALE
Soa Palelei,MALE
Sodiq Yusuff,MALE
Song Kenan,MALE
Song Yadong,MALE
Spencer Fisher,MALE
Spike Carlyle,MALE
Stanislav Nedkov,MALE
Stefan Sekulic,MALE
Stefan Struve,MALE
Stephan Bonnar,MALE
Stephanie Egger,FEMALE
Stephen Thompson,MALE
Steve Bosse,MALE
Steve Cantwell,MALE
Steve Garcia,MALE
Steve Kennedy,MALE
Steve Lopez,MALE
Steve Montgomery,MALE
Steve Steinbeiss,MALE
Steven Peterson,MALE
Steven Siler,MALE
Stevie Ray,MALE
Stipe Miocic,MALE
Su Mudaerji,MALE
Sultan Aliev,MALE
Syuri Kondo,FEMALE
TJ Brown,MALE
TJ Dillashaw,MALE
TJ Grant,MALE
TJ Laramie,MALE
TJ O'Brien,MALE
TJ Waldburger,MALE
Tabatha Ricci,FEMALE
Tae Hyun Bang,MALE
Tafon Nchukwi,MALE
Tagir Ulanbekov,MALE
Tai Tuivasa,MALE
Taila Santos,FEMALE
Takanori Gomi,MALE
Takashi Sato,MALE
Takenori Sato,MALE
Takeya Mizugaki,MALE
Talita Bernardo,FEMALE
Tamdan McCrory,MALE
Tanner Boser,MALE
Tarec Saffiedine,MALE
Tateki Matsuda,MALE
Tatiana Suarez,FEMALE
Tatsuya Kawajiri,MALE
Taylor Lapilus,MALE
Te Edwards,MALE
Tecia Torres,FEMALE
Teemu Packalen,MALE
Terrance McKinney,MALE
Terrion Ware,MALE
Terry Etim,MALE
Teruto Ishihara,MALE
Thales Leites,MALE
Thiago Alves,MALE
Thiago Moises,MALE
Thiago Perpetuo,MALE
Thiago Santos,MALE
Thiago Silva,MALE
Thiago Tavares,MALE
Thibault Gouti,MALE
Thomas Almeida,MALE
Thomas Gifford,MALE
Tiago Trator,MALE
Tiequan Zhang,MALE
Tim Boetsch,MALE
Tim Credeur,MALE
Tim Elliott,MALE
Tim Hague,MALE
Tim Johnson,MALE
Tim Kennedy,MALE
Tim Means,MALE
Tim Williams,MALE
Timur Valiev,MALE
Tito Ortiz,MALE
Todd Brown,MALE
Todd Duffee,MALE
Tom Aspinall,MALE
Tom Breese,MALE
Tom DeBlass,MALE
Tom Duquesnoy,MALE
Tom Lawlor,MALE
Tom Niinimaki,MALE
Tom Watson,MALE
Tomasz Drwal,MALE
Tommy Hayden,MALE
Tony Ferguson,MALE
Tony Gravely,MALE
Tony Kelley,MALE
Tony Sims,MALE
Tonya Evinger,FEMALE
Tor Troeng,MALE
Tracy Cortez,FEMALE
Travis Browne,MALE
Trevin Giles,MALE
Trevin Jones,MALE
Trevor Smith,MALE
Tristan Connelly,MALE
Tucker Lutz,MALE
Tyron Woodley,MALE
Tyson Griffin,MALE
Tyson Nam,MALE
Tyson Pedro,MALE
Ulka Sasaki,MALE
Ulysses Gomez,MALE
Umar Nurmagomedov,MALE
Uriah Hall,MALE
Urijah Faber,MALE
Uros Medic,MALE
Vagner Rocha,MALE
Valentina Shevchenko,FEMALE
Valerie Letourneau,FEMALE
Valmir Lazaro,MALE
Vanessa Demopoulos,FEMALE
Vanessa Melo,FEMALE
Vaughan Lee,MALE
Veronica Macedo,FEMALE
Vicente Luque,MALE
Victor Rodriguez,MALE
Victoria Leonardo,FEMALE
Vik Grujic,MALE
Viktor Pesta,MALE
Vinc Pichel,MALE
Vince Cachero,MALE
Vince Morales,MALE
Vincente Luque,MALE
Vinicius Moreira,MALE
Vinny Magalhaes,MALE
Virna Jandiroba,FEMALE
Viscardi Andrade,MALE
Vitor Belfort,MALE
Vitor Miranda,MALE
Viviane Araujo,FEMALE
Viviane Pereira,FEMALE
Vladimir Matyushenko,MALE
Volkan Oezdemir,MALE
Wagner Prado,MALE
Wagner Silva,MALE
Walel Watson,MALE
Walt Harris,MALE
Wanderlei Silva,MALE
Warlley Alves,MALE
Waylon Lowe,MALE
Weili Zhang,FEMALE
Wellington Turman,MALE
Will Brooks,MALE
Will Campuzano,MALE
William Knight,MALE
William Patolino,MALE
Willie Gates,MALE
Wilson Reis,MALE
Wu Yanan,FEMALE
Wuliji Buren,MALE
Yair Rodriguez,MALE
Yan Cabral,MALE
Yan Xiaonan,FEMALE
Yana Kunitskaya,FEMALE
Yancy Medeiros,MALE
Yao Zhikui,MALE
Yaotzin Meza,MALE
Yasuhiro Urushitani,MALE
Yoel Romero,MALE
Yoislandy Izquierdo,MALE
Yorgan De Castro,MALE
Yosdenis Cedeno,MALE
Yoshihiro Akiyama,MALE
Yoshinori Horie,MALE
Yoshiyuki Yoshida,MALE
Youssef Zalal,MALE
Youssef Zalel,MALE
Yui Chul Nam,MALE
Yuri Villefort,MALE
Yushin Okami,MALE
Yves Edwards,MALE
Yves Jabouin,MALE
Zabit Magomedsharipov,MALE
Zach Makovsky,MALE
Zak Cummings,MALE
Zak Ottow,MALE
Zarah Fairn,FEMALE
Zarrukh Adashev,MALE
Zelim Imadaev,MALE
Zhalgas Zhamagulov,MALE
Zhalgas Zhumagulov,MALE
Zhang Lipeng,MALE
Zhang Weili,FEMALE
Zubaira Tukhugov,MALE
